Вишенка,Бабочка,Кабачок
97.84034494908083,-173.34106120704837,-188.34056227449344
30.346779261014778,92.84266437081399,176.5771839698425
-20.927535597697414,-225.06001703450355,9.906538395106026
97.84034494908083,-173.34106120704837,-188.34056227449344
30.346779261014778,92.84266437081399,176.5771839698425
-20.927535597697414,-225.06001703450355,9.906538395106026
97.84034494908083,-173.34106120704837,-188.34056227449344
30.346779261014778,92.84266437081399,176.5771839698425
-20.927535597697414,-225.06001703450355,9.906538395106026
97.84034494908083,-173.34106120704837,-188.34056227449344
30.346779261014778,92.84266437081399,176.5771839698425
-20.927535597697414,-225.06001703450355,9.906538395106026
97.84034494908083,-173.34106120704837,-188.34056227449344
30.346779261014778,92.84266437081399,176.5771839698425
-20.927535597697414,-225.06001703450355,9.906538395106026
97.84034494908083,-173.34106120704837,-188.34056227449344
30.346779261014778,92.84266437081399,176.5771839698425
-20.927535597697414,-225.06001703450355,9.906538395106026
97.84034494908083,-173.34106120704837,-188.34056227449344
30.346779261014778,92.84266437081399,176.5771839698425
-20.927535597697414,-225.06001703450355,9.906538395106026
97.84034494908083,-173.34106120704837,-188.34056227449344
30.346779261014778,92.84266437081399,176.5771839698425
-20.927535597697414,-225.06001703450355,9.906538395106026
97.84034494908083,-173.34106120704837,-188.34056227449344
30.346779261014778,92.84266437081399,176.5771839698425
-20.927535597697414,-225.06001703450355,9.906538395106026
97.84034494908083,-173.34106120704837,-188.34056227449344
30.346779261014778,92.84266437081399,176.5771839698425
-20.927535597697414,-225.06001703450355,9.906538395106026
97.84034494908083,-173.34106120704837,-188.34056227449344
30.346779261014778,92.84266437081399,176.5771839698425
-20.927535597697414,-225.06001703450355,9.906538395106026
97.84034494908083,-173.34106120704837,-188.34056227449344
30.346779261014778,92.84266437081399,176.5771839698425
-20.927535597697414,-225.06001703450355,9.906538395106026
97.84034494908083,-173.34106120704837,-188.34056227449344
30.346779261014778,92.84266437081399,176.5771839698425
-20.927535597697414,-225.06001703450355,9.906538395106026
97.84034494908083,-173.34106120704837,-188.34056227449344
30.346779261014778,92.84266437081399,176.5771839698425
-20.927535597697414,-225.06001703450355,9.906538395106026
97.84034494908083,-173.34106120704837,-188.34056227449344
30.346779261014778,92.84266437081399,176.5771839698425
-20.927535597697414,-225.06001703450355,9.906538395106026
97.84034494908083,-173.34106120704837,-188.34056227449344
30.346779261014778,92.84266437081399,176.5771839698425
-20.927535597697414,-225.06001703450355,9.906538395106026
97.84034494908083,-173.34106120704837,-188.34056227449344
30.346779261014778,92.84266437081399,176.5771839698425
-20.927535597697414,-225.06001703450355,9.906538395106026
97.84034494908083,-173.34106120704837,-188.34056227449344
30.346779261014778,92.84266437081399,176.5771839698425
-20.927535597697414,-225.06001703450355,9.906538395106026
97.84034494908083,-173.34106120704837,-188.34056227449344
30.346779261014778,92.84266437081399,176.5771839698425
-20.927535597697414,-225.06001703450355,9.906538395106026
97.84034494908083,-173.34106120704837,-188.34056227449344
30.346779261014778,92.84266437081399,176.5771839698425
-20.927535597697414,-225.06001703450355,9.906538395106026
97.84034494908083,-173.34106120704837,-188.34056227449344
30.346779261014778,92.84266437081399,176.5771839698425
-20.927535597697414,-225.06001703450355,9.906538395106026
97.84034494908083,-173.34106120704837,-188.34056227449344
30.346779261014778,92.84266437081399,176.5771839698425
-20.927535597697414,-225.06001703450355,9.906538395106026
97.84034494908083,-173.34106120704837,-188.34056227449344
30.346779261014778,92.84266437081399,176.5771839698425
-20.927535597697414,-225.06001703450355,9.906538395106026
97.84034494908083,-173.34106120704837,-188.34056227449344
30.346779261014778,92.84266437081399,176.5771839698425
-20.927535597697414,-225.06001703450355,9.906538395106026
97.84034494908083,-173.34106120704837,-188.34056227449344
30.346779261014778,92.84266437081399,176.5771839698425
-20.927535597697414,-225.06001703450355,9.906538395106026
97.84034494908083,-173.34106120704837,-188.34056227449344
30.346779261014778,92.84266437081399,176.5771839698425
-20.927535597697414,-225.06001703450355,9.906538395106026
97.84034494908083,-173.34106120704837,-188.34056227449344
30.346779261014778,92.84266437081399,176.5771839698425
-20.927535597697414,-225.06001703450355,9.906538395106026
97.84034494908083,-173.34106120704837,-188.34056227449344
30.346779261014778,92.84266437081399,176.5771839698425
-20.927535597697414,-225.06001703450355,9.906538395106026
97.84034494908083,-173.34106120704837,-188.34056227449344
30.346779261014778,92.84266437081399,176.5771839698425
-20.927535597697414,-225.06001703450355,9.906538395106026
97.84034494908083,-173.34106120704837,-188.34056227449344
30.346779261014778,92.84266437081399,176.5771839698425
-20.927535597697414,-225.06001703450355,9.906538395106026
97.84034494908083,-173.34106120704837,-188.34056227449344
30.346779261014778,92.84266437081399,176.5771839698425
-20.927535597697414,-225.06001703450355,9.906538395106026
97.84034494908083,-173.34106120704837,-188.34056227449344
30.346779261014778,92.84266437081399,176.5771839698425
-20.927535597697414,-225.06001703450355,9.906538395106026
97.84034494908083,-173.34106120704837,-188.34056227449344
30.346779261014778,92.84266437081399,176.5771839698425
-20.927535597697414,-225.06001703450355,9.906538395106026
30.346779261014778,92.84266437081399,176.5771839698425